{"loss": 0.37324996840977703, "step": 1800, "_timestamp": 1673278846.6300006, "_runtime": 52.20838952064514, "_step": 18, "gradients/fc2.bias": {"_type": "histogram", "values": [1.0, 0.0, 0.0, 0.0, 0.0, 0.0, 0.0, 0.0, 0.0, 0.0, 0.0, 0.0, 0.0, 0.0, 0.0, 0.0, 0.0, 0.0, 0.0, 0.0, 0.0, 0.0, 0.0, 0.0, 0.0, 0.0, 0.0, 0.0, 0.0, 0.0, 0.0, 0.0, 0.0, 0.0, 0.0, 0.0, 1.0, 0.0, 1.0, 0.0, 0.0, 1.0, 1.0, 2.0, 0.0, 0.0, 0.0, 1.0, 0.0, 0.0, 0.0, 0.0, 0.0, 0.0, 0.0, 0.0, 0.0, 0.0, 0.0, 0.0, 0.0, 0.0, 1.0, 1.0], "bins": [-0.045460112392902374, -0.044377561658620834, -0.043295007199048996, -0.042212456464767456, -0.041129905730485916, -0.040047354996204376, -0.03896480053663254, -0.037882249802351, -0.03679969906806946, -0.03571714833378792, -0.03463459387421608, -0.03355204313993454, -0.032469492405653, -0.03138694167137146, -0.03030438721179962, -0.02922183647751808, -0.028139282017946243, -0.027056729421019554, -0.025974178686738014, -0.024891626089811325, -0.023809075355529785, -0.022726522758603096, -0.021643970161676407, -0.020561419427394867, -0.019478866830468178, -0.01839631423354149, -0.01731376349925995, -0.01623121090233326, -0.015148659236729145, -0.01406610757112503, -0.012983554974198341, -0.011901003308594227, -0.010818449780344963, -0.009735898114740849, -0.008653346449136734, -0.007570793852210045, -0.00648824218660593, -0.005405690521001816, -0.004323138389736414, -0.003240586258471012, -0.0021580345928668976, -0.0010754826944321394, 7.06920400261879e-06, 0.001089621102437377, 0.002172173000872135, 0.0032547246664762497, 0.0043372767977416515, 0.005419828929007053, 0.006502380594611168, 0.0075849322602152824, 0.008667483925819397, 0.009750036522746086, 0.0108325881883502, 0.011915139853954315, 0.012997692450881004, 0.014080244116485119, 0.015162795782089233, 0.016245348379015923, 0.017327899113297462, 0.01841045171022415, 0.01949300244450569, 0.02057555504143238, 0.02165810763835907, 0.02274065837264061, 0.0238232109695673]}, "gradients/fc2.weight": {"_type": "histogram", "values": [1.0, 0.0, 0.0, 0.0, 0.0, 0.0, 0.0, 0.0, 0.0, 0.0, 0.0, 1.0, 0.0, 0.0, 0.0, 1.0, 1.0, 1.0, 3.0, 2.0, 5.0, 1.0, 1.0, 2.0, 1.0, 1.0, 6.0, 1.0, 0.0, 2.0, 5.0, 4.0, 2.0, 3.0, 1.0, 7.0, 3.0, 6.0, 14.0, 26.0, 59.0, 209.0, 7238.0, 79.0, 38.0, 25.0, 12.0, 17.0, 6.0, 10.0, 9.0, 4.0, 9.0, 11.0, 7.0, 2.0, 1.0, 1.0, 0.0, 0.0, 0.0, 0.0, 1.0, 1.0], "bins": [-0.44772017002105713, -0.4371053874492645, -0.4264906048774719, -0.4158758521080017, -0.4052610695362091, -0.3946462869644165, -0.3840315341949463, -0.3734167516231537, -0.3628019690513611, -0.3521871864795685, -0.3415724039077759, -0.33095765113830566, -0.32034286856651306, -0.30972808599472046, -0.29911333322525024, -0.28849855065345764, -0.27788376808166504, -0.26726898550987244, -0.25665420293807983, -0.24603945016860962, -0.23542466759681702, -0.22480988502502441, -0.214195117354393, -0.2035803496837616, -0.192965567111969, -0.1823507845401764, -0.17173601686954498, -0.16112124919891357, -0.15050646662712097, -0.13989168405532837, -0.12927691638469696, -0.11866214126348495, -0.10804733633995056, -0.09743256121873856, -0.08681778609752655, -0.07620301097631454, -0.06558823585510254, -0.05497346073389053, -0.04435868561267853, -0.03374391049146652, -0.023129135370254517, -0.012514360249042511, -0.0018995851278305054, 0.0087151899933815, 0.019329965114593506, 0.02994474023580551, 0.04055951535701752, 0.05117429047822952, 0.06178906559944153, 0.07240384072065353, 0.08301861584186554, 0.09363339096307755, 0.10424816608428955, 0.11486294120550156, 0.12547771632671356, 0.13609248399734497, 0.14670726656913757, 0.15732204914093018, 0.16793681681156158, 0.178551584482193, 0.1891663670539856, 0.1997811496257782, 0.2103959172964096, 0.22101068496704102, 0.23162546753883362]}, "gradients/fc1.bias": {"_type": "histogram", "values": [1.0, 1.0, 1.0, 0.0, 1.0, 0.0, 1.0, 0.0, 2.0, 2.0, 2.0, 1.0, 1.0, 3.0, 3.0, 0.0, 2.0, 2.0, 3.0, 4.0, 2.0, 4.0, 3.0, 10.0, 32.0, 137.0, 517.0, 12.0, 6.0, 4.0, 2.0, 2.0, 0.0, 2.0, 2.0, 1.0, 1.0, 1.0, 2.0, 2.0, 0.0, 0.0, 0.0, 1.0, 1.0, 0.0, 2.0, 0.0, 1.0, 0.0, 2.0, 3.0, 0.0, 0.0, 0.0, 0.0, 0.0, 0.0, 0.0, 0.0, 1.0, 0.0, 0.0, 1.0], "bins": [-0.0054434132762253284, -0.005234462674707174, -0.00502551207318902, -0.004816561471670866, -0.0046076104044914246, -0.00439865980297327, -0.004189709201455116, -0.003980758599936962, -0.003771807998418808, -0.003562857396900654, -0.0033539067953824997, -0.003144955961033702, -0.0029360053595155478, -0.0027270547579973936, -0.002518103923648596, -0.0023091533221304417, -0.0021002027206122875, -0.0018912521190941334, -0.0016823014011606574, -0.0014733506832271814, -0.0012644000817090273, -0.0010554494801908731, -0.0008464987622573972, -0.0006375480443239212, -0.00042859744280576706, -0.000219646783079952, -1.0696123354136944e-05, 0.00019825453637167811, 0.00040720519609749317, 0.0006161557976156473, 0.0008251065155491233, 0.0010340572334825993, 0.0012430083006620407, 0.0014519589021801949, 0.0016609096201136708, 0.0018698603380471468, 0.002078810939565301, 0.002287761541083455, 0.002496712375432253, 0.002705662976950407, 0.002914613578468561, 0.0031235641799867153, 0.0033325147815048695, 0.0035414656158536673, 0.0037504162173718214, 0.003959367051720619, 0.004168317653238773, 0.0043772682547569275, 0.004586218856275082, 0.004795169457793236, 0.00500412005931139, 0.005213070660829544, 0.005422021262347698, 0.005630971863865852, 0.005839922931045294, 0.006048873532563448, 0.006257824134081602, 0.006466774735599756, 0.00667572533711791, 0.0068846759386360645, 0.007093627005815506, 0.00730257760733366, 0.007511528208851814, 0.007720478810369968, 0.007929429411888123]}, "gradients/fc1.weight": {"_type": "histogram", "values": [43.0, 88.0, 73.0, 17.0, 57.0, 100.0, 130.0, 67.0, 26.0, 48.0, 155.0, 304.0, 152.0, 292.0, 143.0, 344.0, 403.0, 301.0, 929.0, 1117.0, 501.0, 3979.0, 2430.0, 2116.0, 5303.0, 9099.0, 475781.0, 82822.0, 9580.0, 5622.0, 5290.0, 1877.0, 2026.0, 242.0, 486.0, 259.0, 114.0, 200.0, 325.0, 66.0, 172.0, 56.0, 9.0, 108.0, 190.0, 28.0, 216.0, 86.0, 60.0, 90.0, 344.0, 142.0, 1.0, 9.0, 0.0, 7.0, 0.0, 0.0, 7.0, 26.0, 86.0, 0.0, 18.0, 94.0], "bins": [-0.013055150397121906, -0.012570985592901707, -0.012086819857358932, -0.011602655053138733, -0.011118490248918533, -0.010634324513375759, -0.01015015970915556, -0.009665993973612785, -0.009181829169392586, -0.008697664365172386, -0.008213498629629612, -0.007729333825409412, -0.0072451685555279255, -0.006761003285646439, -0.006276838481426239, -0.005792673211544752, -0.005308507941663265, -0.004824342671781778, -0.0043401774019002914, -0.003856012597680092, -0.003371847327798605, -0.002887682057917118, -0.002403517020866275, -0.0019193519838154316, -0.0014351867139339447, -0.0009510215604677796, -0.00046685640700161457, 1.7308746464550495e-05, 0.0005014738999307156, 0.0009856391698122025, 0.0014698042068630457, 0.001953969243913889, 0.0024381354451179504, 0.0029223007149994373, 0.0034064657520502806, 0.003890630789101124, 0.004374796058982611, 0.004858961328864098, 0.005343126133084297, 0.005827291402965784, 0.006311456672847271, 0.006795621942728758, 0.007279787212610245, 0.007763952016830444, 0.008248116821050644, 0.008732282556593418, 0.009216447360813618, 0.009700613096356392, 0.010184777900576591, 0.010668942704796791, 0.011153108440339565, 0.011637273244559765, 0.012121438980102539, 0.012605603784322739, 0.013089768588542938, 0.013573933392763138, 0.014058099128305912, 0.014542263932526112, 0.015026429668068886, 0.015510594472289085, 0.015994759276509285, 0.016478925943374634, 0.016963090747594833, 0.017447255551815033, 0.017931420356035233]}, "_wandb": {"runtime": 52}}